"ExitCode","Capture","Error","Status","Exe","Label","Shot"
"","CAPTURED_WINDOW_PRINTWINDOW","","WINDOW_READY;CLOSED","D:\HTC\avboit\The-Forge\Examples_3\Unit_Tests\PC Visual Studio 2019\x64\Release\01_Transformations\01_Transformations.exe","01_Transformations","D:\HTC\avboit\TheForge_1.58_Baseline_Report\VisualResults\01_Transformations\Screenshots\UT_01_Transformations_DX12_Default_01.png"
"","CAPTURED_WINDOW_PRINTWINDOW","","WINDOW_READY;CLOSED","D:\HTC\avboit\The-Forge\Examples_3\Unit_Tests\PC Visual Studio 2019\x64\Release\03_MultiThread\03_MultiThread.exe","03_MultiThread","D:\HTC\avboit\TheForge_1.58_Baseline_Report\VisualResults\03_MultiThread\Screenshots\UT_03_MultiThread_DX12_Default_01.png"
"","NOT_CAPTURED","","EXITED_BEFORE_CAPTURE_AFTER_WAIT","D:\HTC\avboit\The-Forge\Examples_3\Unit_Tests\PC Visual Studio 2019\x64\Release\06_MaterialPlayground\06_MaterialPlayground.exe","06_MaterialPlayground","D:\HTC\avboit\TheForge_1.58_Baseline_Report\VisualResults\06_MaterialPlayground\Screenshots\UT_06_MaterialPlayground_DX12_Default_01.png"
"","NOT_CAPTURED","","EXITED_BEFORE_CAPTURE_AFTER_WAIT","D:\HTC\avboit\The-Forge\Examples_3\Unit_Tests\PC Visual Studio 2019\x64\Release\09_LightShadowPlayground\09_LightShadowPlayground.exe","09_LightShadowPlayground","D:\HTC\avboit\TheForge_1.58_Baseline_Report\VisualResults\09_LightShadowPlayground\Screenshots\UT_09_LightShadowPlayground_DX12_Default_01.png"
"","NOT_CAPTURED","","EXITED_BEFORE_CAPTURE_AFTER_WAIT","D:\HTC\avboit\The-Forge\Examples_3\Unit_Tests\PC Visual Studio 2019\x64\Release\10_ScreenSpaceReflections\10_ScreenSpaceReflections.exe","10_ScreenSpaceReflections","D:\HTC\avboit\TheForge_1.58_Baseline_Report\VisualResults\10_ScreenSpaceReflections\Screenshots\UT_10_ScreenSpaceReflections_DX12_Default_01.png"
"","CAPTURED_WINDOW_PRINTWINDOW","","WINDOW_READY;CLOSED","D:\HTC\avboit\The-Forge\Examples_3\Unit_Tests\PC Visual Studio 2019\x64\Release\11_LinkedMultiGPU\11_LinkedMultiGPU.exe","11_LinkedMultiGPU","D:\HTC\avboit\TheForge_1.58_Baseline_Report\VisualResults\11_LinkedMultiGPU\Screenshots\UT_11_LinkedMultiGPU_DX12_Default_01.png"
"","CAPTURED_WINDOW_PRINTWINDOW","","WINDOW_READY;CLOSED","D:\HTC\avboit\The-Forge\Examples_3\Unit_Tests\PC Visual Studio 2019\x64\Release\11a_UnlinkedMultiGPU\11a_UnlinkedMultiGPU.exe","11a_UnlinkedMultiGPU","D:\HTC\avboit\TheForge_1.58_Baseline_Report\VisualResults\11a_UnlinkedMultiGPU\Screenshots\UT_11a_UnlinkedMultiGPU_DX12_Default_01.png"
"","CAPTURED_WINDOW_PRINTWINDOW","","WINDOW_READY;CLOSED","D:\HTC\avboit\The-Forge\Examples_3\Unit_Tests\PC Visual Studio 2019\x64\Release\12_ZipFileSystem\12_ZipFileSystem.exe","12_ZipFileSystem","D:\HTC\avboit\TheForge_1.58_Baseline_Report\VisualResults\12_ZipFileSystem\Screenshots\UT_12_ZipFileSystem_DX12_Default_01.png"
"","CAPTURED_WINDOW_PRINTWINDOW","","WINDOW_READY;CLOSED","D:\HTC\avboit\The-Forge\Examples_3\Unit_Tests\PC Visual Studio 2019\x64\Release\14_WaveIntrinsics\14_WaveIntrinsics.exe","14_WaveIntrinsics","D:\HTC\avboit\TheForge_1.58_Baseline_Report\VisualResults\14_WaveIntrinsics\Screenshots\UT_14_WaveIntrinsics_DX12_Default_01.png"
"","CAPTURED_WINDOW_PRINTWINDOW","","WINDOW_READY;CLOSED","D:\HTC\avboit\The-Forge\Examples_3\Unit_Tests\PC Visual Studio 2019\x64\Release\15_Transparency\15_Transparency.exe","15_Transparency","D:\HTC\avboit\TheForge_1.58_Baseline_Report\VisualResults\15_Transparency\Screenshots\UT_15_Transparency_DX12_Default_01.png"
"","NOT_CAPTURED","","EXITED_BEFORE_CAPTURE_AFTER_WAIT","D:\HTC\avboit\The-Forge\Examples_3\Unit_Tests\PC Visual Studio 2019\x64\Release\15a_VisibilityBufferOIT\15a_VisibilityBufferOIT.exe","15a_VisibilityBufferOIT","D:\HTC\avboit\TheForge_1.58_Baseline_Report\VisualResults\15a_VisibilityBufferOIT\Screenshots\UT_15a_VisibilityBufferOIT_DX12_Default_01.png"
"","NOT_CAPTURED","","EXITED_BEFORE_CAPTURE_AFTER_WAIT","D:\HTC\avboit\The-Forge\Examples_3\Unit_Tests\PC Visual Studio 2019\x64\Release\16_Raytracing\16_Raytracing.exe","16_Raytracing","D:\HTC\avboit\TheForge_1.58_Baseline_Report\VisualResults\16_Raytracing\Screenshots\UT_16_Raytracing_DX12_Default_01.png"
"","CAPTURED_WINDOW_PRINTWINDOW","","WINDOW_READY;CLOSED","D:\HTC\avboit\The-Forge\Examples_3\Unit_Tests\PC Visual Studio 2019\x64\Release\17_EntityComponentSystem\17_EntityComponentSystem.exe","17_EntityComponentSystem","D:\HTC\avboit\TheForge_1.58_Baseline_Report\VisualResults\17_EntityComponentSystem\Screenshots\UT_17_EntityComponentSystem_DX12_Default_01.png"
"","CAPTURED_WINDOW_PRINTWINDOW","","WINDOW_READY;CLOSED","D:\HTC\avboit\The-Forge\Examples_3\Unit_Tests\PC Visual Studio 2019\x64\Release\19_CodeHotReload_Main\19_CodeHotReload_Main.exe","19_CodeHotReload","D:\HTC\avboit\TheForge_1.58_Baseline_Report\VisualResults\19_CodeHotReload\Screenshots\UT_19_CodeHotReload_DX12_Default_01.png"
"","CAPTURED_WINDOW_PRINTWINDOW","","WINDOW_READY;CLOSED","D:\HTC\avboit\The-Forge\Examples_3\Unit_Tests\PC Visual Studio 2019\x64\Release\21_Animations\21_Animations.exe","21_Animations","D:\HTC\avboit\TheForge_1.58_Baseline_Report\VisualResults\21_Animations\Screenshots\UT_21_Animations_DX12_Default_01.png"
"","NOT_CAPTURED","","EXITED_BEFORE_CAPTURE_AFTER_WAIT","D:\HTC\avboit\The-Forge\Examples_3\Unit_Tests\PC Visual Studio 2019\x64\Release\28_Skinning\28_Skinning.exe","28_Skinning","D:\HTC\avboit\TheForge_1.58_Baseline_Report\VisualResults\28_Skinning\Screenshots\UT_28_Skinning_DX12_Default_01.png"
"","CAPTURED_WINDOW_PRINTWINDOW","","WINDOW_READY;CLOSED","D:\HTC\avboit\The-Forge\Examples_3\Unit_Tests\PC Visual Studio 2019\x64\Release\34_Input\34_Input.exe","34_Input","D:\HTC\avboit\TheForge_1.58_Baseline_Report\VisualResults\34_Input\Screenshots\UT_34_Input_DX12_Default_01.png"
"","NOT_CAPTURED","","EXITED_BEFORE_CAPTURE","D:\HTC\avboit\The-Forge\Examples_3\Unit_Tests\PC Visual Studio 2019\x64\Release\36_AlgorithmsAndContainers\36_AlgorithmsAndContainers.exe","36_AlgorithmsAndContainers","D:\HTC\avboit\TheForge_1.58_Baseline_Report\VisualResults\36_AlgorithmsAndContainers\Screenshots\UT_36_AlgorithmsAndContainers_DX12_Default_01.png"
"","NOT_CAPTURED","","EXITED_BEFORE_CAPTURE_AFTER_WAIT","D:\HTC\avboit\The-Forge\Examples_3\Unit_Tests\PC Visual Studio 2019\x64\Release\39_ParticleSystem\39_ParticleSystem.exe","39_ParticleSystem","D:\HTC\avboit\TheForge_1.58_Baseline_Report\VisualResults\39_ParticleSystem\Screenshots\UT_39_ParticleSystem_DX12_Default_01.png"
